# clave	inglés (texto actual en registration.json)	español
Category_Rules	Roslyn (C# and VB)	Roslyn (C# y VB)
Category_Whitespace	Whitespace (all files)	Espacios (todos los archivos)
Category_CSharpVb	C# and VB	C# y VB
Category_Markup	Markup (Web Forms, Razor, HTML, XML, XAML)	Markup (Web Forms, Razor, HTML, XML, XAML)
Category_FileTypes	File Types	Tipos de archivo
Setting_CleanupOnSave_Title	Automatic cleanup on save	Limpieza automática al guardar
Setting_CleanupOnSave_Description	Clean each document right before it is saved.	Limpia cada documento justo antes de guardarlo.
Setting_RemoveUnusedLocalVariables_Title	Remove unused local variables	Quitar variables locales sin usar
Setting_RemoveUnusedLocalVariables_Description	C#: CS0168 / CS0219. VB: BC42024 / BC42099. Only when the value has no side effects. Skipped when the file has compile errors.	C#: CS0168 / CS0219. VB: BC42024 / BC42099. Solo si el valor no tiene efectos (llamadas, New). No se aplica si el archivo tiene errores de compilación.
Setting_RemoveUnusedUsings_Title	Remove unused usings / Imports	Quitar usings / Imports sin usar
Setting_RemoveUnusedUsings_Description	C#: CS8019. VB: BC50000 / BC50001. Skipped when the file has compile errors.	C#: CS8019. VB: BC50000 / BC50001. No se aplica si el archivo tiene errores de compilación.
Setting_SortUsings_Title	Sort usings / Imports	Ordenar usings / Imports
Setting_SortUsings_Description	System.* first, then alphabetical. C#: global → normal → static → alias. VB: normal → alias → XML.	System.* primero, luego alfabético. C#: global → normales → static → alias. VB: normales → alias → XML.
Setting_FormatDocument_Title	Format document	Formatear documento
Setting_FormatDocument_Description	Roslyn formatting; respects your .editorconfig.	Formato de Roslyn; respeta tu .editorconfig.
Setting_RemoveConsecutiveBlankLines_Title	Remove consecutive blank lines	Quitar líneas en blanco consecutivas
Setting_RemoveConsecutiveBlankLines_Description	Keeps at most the configured number of blank lines in a row. Applies to every file type. Never touches strings, template strings, disabled code, <pre>, <textarea>, <script> or CDATA.	Deja como máximo la cantidad configurada de líneas en blanco seguidas. Aplica a todos los tipos de archivo. Nunca modifica strings, template strings, código deshabilitado, <pre>, <textarea>, <script> ni CDATA.
Setting_MaxConsecutiveBlankLines_Title	Maximum consecutive blank lines	Máximo de líneas en blanco seguidas
Setting_MaxConsecutiveBlankLines_Description	Blank lines allowed in a row (0 removes them all).	Líneas en blanco permitidas seguidas (0 las quita todas).
Setting_RemoveLeadingBlankLines_Title	Remove blank lines at the start of the file	Quitar líneas en blanco al inicio del archivo
Setting_RemoveLeadingBlankLines_Description	Applies to every file type.	Aplica a todos los tipos de archivo.
Setting_RemoveTrailingBlankLines_Title	Remove blank lines at the end of the file	Quitar líneas en blanco al final del archivo
Setting_RemoveTrailingBlankLines_Description	Applies to every file type.	Aplica a todos los tipos de archivo.
Setting_TrimTrailingWhitespace_Title	Remove trailing whitespace	Quitar espacios al final de línea
Setting_TrimTrailingWhitespace_Description	Applies to every file type. Never touches strings, template strings, disabled code, <pre>, <textarea>, <script> or CDATA.	Aplica a todos los tipos de archivo. Nunca modifica strings, template strings, código deshabilitado, <pre>, <textarea>, <script> ni CDATA.
Setting_SingleFinalNewline_Title	Exactly one newline at the end of the file	Exactamente un salto de línea al final del archivo
Setting_SingleFinalNewline_Description	Adds it when missing and removes extra ones. Applies to every file type.	Lo agrega si falta y quita los que sobran. Aplica a todos los tipos de archivo.
Setting_IncludeCSharp_Description	Cleaned with Roslyn, in the background and in parallel.	Se limpia con Roslyn, en segundo plano y en paralelo.
Setting_IncludeVisualBasic_Description	Cleaned with Roslyn, in the background and in parallel.	Se limpia con Roslyn, en segundo plano y en paralelo.
Setting_EditorFormatted_Description	Formatted with the Visual Studio editor.	Se formatea con el editor de Visual Studio.
Setting_IncludeStyles_Title	Styles (.css, .less, .scss)	Estilos (.css, .less, .scss)
Setting_AdditionalFileExtensions_Title	Additional file extensions	Extensiones adicionales
Setting_AdditionalFileExtensions_Description	Extensions not covered by the groups above, formatted with the Visual Studio editor. Separate with ';' (e.g. .skin;.sitemap).	Extensiones que no están en los grupos anteriores; se formatean con el editor de Visual Studio. Separa con ';' (ej. .skin;.sitemap).
Setting_IgnoreGeneratedCode_Title	Exclude generated code	Excluir código generado
Setting_IgnoreGeneratedCode_Description	Skips *.designer.cs, *.g.cs, files under obj\ and files marked <auto-generated>.	Omite *.designer.cs, *.g.cs, archivos dentro de obj\ y archivos marcados como <auto-generated>.
Setting_ExcludeT4GeneratedCode_Title	Exclude T4 generated code	Excluir código generado por T4
Setting_ExcludeT4GeneratedCode_Description	Skips files that have a .tt template with the same name.	Omite archivos que tienen una plantilla .tt con el mismo nombre.
Setting_ExcludePatterns_Title	Exclude paths (regular expressions)	Excluir rutas (expresiones regulares)
Setting_ExcludePatterns_Description	Files whose full path matches any expression are skipped. Separate with ';'.	Se omiten los archivos cuya ruta completa coincida con alguna expresión. Separa con ';'.
Setting_RegenerateWebFormsDesigner_Title	Regenerate Web Forms designer after formatting	Regenerar el designer de Web Forms después de formatear
Setting_RegenerateWebFormsDesigner_Description	After formatting .aspx/.ascx/.master files, regenerates their .designer.cs with 'Convert to Web Application' so they stay in sync with the markup (Web Application projects only).	Después de formatear .aspx/.ascx/.master, regenera sus .designer.cs con 'Convert to Web Application' para que queden sincronizados con el markup (solo proyectos Web Application).
Setting_RemoveBlankLinesAfterOpenBlock_Title	Remove blank lines after opening a block	Quitar líneas en blanco después de abrir un bloque
Setting_RemoveBlankLinesAfterOpenBlock_Description	After '{' in C#; after Sub, If, For, Class… in VB.	Después de '{' en C#; después de Sub, If, For, Class… en VB.
Setting_RemoveBlankLinesBeforeCloseBlock_Title	Remove blank lines before closing a block	Quitar líneas en blanco antes de cerrar un bloque
Setting_RemoveBlankLinesBeforeCloseBlock_Description	Before '}' in C#; before End, Next, Loop, Else, Catch… in VB.	Antes de '}' en C#; antes de End, Next, Loop, Else, Catch… en VB.
Setting_RemoveBlankLinesAfterAttributes_Title	Remove blank lines after attributes	Quitar líneas en blanco después de atributos
Setting_RemoveBlankLinesAfterAttributes_Description	[HttpPost] / <WebMethod()> stays right above its member.	[HttpPost] / <WebMethod()> queda justo encima de su miembro.
Setting_RemoveBlankLinesBetweenChainedCalls_Title	Remove blank lines between chained calls	Quitar líneas en blanco entre llamadas encadenadas
Setting_RemoveBlankLinesBetweenChainedCalls_Description	Lines that start with '.Method()' in C#.	Líneas que empiezan con '.Metodo()' en C#.
Setting_BlankLineBetweenMembers_Title	Blank line between members	Línea en blanco entre miembros
Setting_BlankLineBetweenMembers_Description	Adds one when missing, for the member types below.	La agrega si falta, para los tipos de miembro de abajo.
Setting_BlankLineBetweenMemberKinds_Title	Member types separated by a blank line	Tipos de miembro separados por una línea en blanco
Setting_BlankLineBetweenMemberKinds_Description	Separate with ';'. Available: Fields, Constructors, Properties, Methods, Events, Enums, Types.	Separa con ';'. Disponibles: Fields, Constructors, Properties, Methods, Events, Enums, Types.
Setting_BlankLineAroundRegions_Title	Blank line around regions	Línea en blanco alrededor de regiones
Setting_BlankLineAroundRegions_Description	Before and after #region / #endregion (#Region / #End Region).	Antes y después de #region / #endregion (#Region / #End Region).
Setting_BlankLineBeforeCase_Title	Blank line before each case	Línea en blanco antes de cada case
Setting_BlankLineBeforeCase_Description	Every case / Case except the first one.	Cada case / Case excepto el primero.
Setting_BlankLineBeforeSingleLineComments_Title	Blank line before single-line comments	Línea en blanco antes de comentarios de una línea
Setting_BlankLineBeforeSingleLineComments_Description	Not after opening a block, another comment, a directive or a case label.	No después de abrir un bloque, otro comentario, una directiva ni un case.
Setting_BlankLineAfterUsings_Title	Blank line after usings / Imports	Línea en blanco después de usings / Imports
Setting_RemoveAllRegions_Title	Remove all regions	Quitar todas las regiones
Setting_RemoveAllRegions_Description	Removes #region / #endregion and keeps their content.	Quita #region / #endregion y conserva su contenido.
Setting_UpdateEndRegionText_Title	Add the region name to #endregion	Agregar el nombre de la región a #endregion
Setting_UpdateEndRegionText_Description	C#: #endregion Name. VB: #End Region ' Name.	C#: #endregion Nombre. VB: #End Region ' Nombre.
Setting_RemoveEmptyRegions_Title	Remove empty regions	Quitar regiones vacías
Setting_ReorganizeMembers_Title	Reorganize members by type and access	Reorganizar miembros por tipo y acceso
Setting_ReorganizeMembers_Description	Fields keep their relative order. Structs, [StructLayout] types and types with directives between members are not touched.	Los campos conservan su orden relativo. No toca structs, tipos con [StructLayout] ni tipos con directivas entre sus miembros.
Setting_MemberKindOrder_Title	Member type order	Orden de tipos de miembro
Setting_MemberKindOrder_Description	Separate with ';'. Missing types go last.	Separa con ';'. Los que falten van al final.
Setting_AccessOrder_Title	Access order	Orden de accesos
Setting_AccessOrder_Description	Separate with ';'. VB: Friend = internal.	Separa con ';'. VB: Friend = internal.
Setting_UniformAccessors_Title	Accessors all single-line or all multi-line	Accessors todos en una línea o todos multilínea
Setting_UniformAccessors_Description	C# only. Single-line when every accessor has at most one statement.	Solo C#. En una línea cuando cada accessor tiene como máximo una sentencia.
Setting_WrapComments_Title	Wrap comments at line width	Reajustar comentarios al ancho de línea
Setting_WrapComments_Description	Splits single-line comments longer than the width. Never joins lines.	Parte los comentarios de una línea más largos que el ancho. Nunca une líneas.
Setting_CommentWrapColumn_Title	Line width	Ancho de línea
Setting_CommentWrapColumn_Description	Columns (a tab counts as 4).	Columnas (un tab cuenta como 4).
Setting_SpaceAfterCommentPrefix_Title	Space after // and '	Espacio después de // y '
Setting_SpaceAfterCommentPrefix_Description	//Text → // Text.	//Texto → // Texto.
Setting_RemoveBlankLinesInsideTags_Title	Remove blank lines right inside a tag	Quitar líneas en blanco justo dentro de una etiqueta
Setting_RemoveBlankLinesInsideTags_Description	After <div> and before </div>. Never inside <pre>, <textarea>, <script> or CDATA.	Después de <div> y antes de </div>. Nunca dentro de <pre>, <textarea>, <script> ni CDATA.
Setting_RemoveEmptyComments_Title	Remove empty comments <!-- -->	Quitar comentarios vacíos <!-- -->
Setting_IncludeSql_Description	Cleaned in the background, without opening editors (also in SSMS 22.7+).	Se limpia en segundo plano, sin abrir editores (también en SSMS 22.7+).
Setting_FormatSql_Title	Format T-SQL	Formatear T-SQL
Setting_FormatSql_Description	ScriptDOM, the same engine as the SSMS 22.7+ formatter. Options come from .editorconfig [*.sql] with the same keys as SSMS (keyword_casing, indentation_size…). Files with syntax errors or SQLCMD are not formatted.	ScriptDOM, el mismo motor del formateador de SSMS 22.7+. Las opciones salen del .editorconfig [*.sql] con las mismas claves que SSMS (keyword_casing, indentation_size…). Los archivos con errores de sintaxis o SQLCMD no se formatean.
Category_SqlFormatter	SQL formatter (ScriptDOM)	Formateador SQL (ScriptDOM)
Category_SqlFormatter_General	General	General
Category_SqlFormatter_Alignment	Alignment	Alineación
Category_SqlFormatter_Formatting	Formatting	Formato
Category_SqlFormatter_Indentation	Indentation	Sangría
Category_SqlFormatter_Multiline	Multiline	Multilínea
Category_SqlFormatter_NewLine	New line	Nueva línea
Category_SqlFormatter_Spacing	Spacing	Espaciado
Setting_SqlFmt_SqlVersion	SQL version	Versión de SQL
Setting_SqlFmt_SqlEngineType	SQL engine type	Tipo de motor SQL
Setting_SqlFmt_AllowExternalLibraryPaths	Allow external library paths	Permitir rutas de bibliotecas externas
Setting_SqlFmt_AllowExternalLanguagePaths	Allow external language paths	Permitir rutas de lenguajes externos
Setting_SqlFmt_AlignClauseBodies	Align clause bodies	Alinear cuerpos de cláusulas
Setting_SqlFmt_AlignColumnDefinitionFields	Align column definition fields	Alinear campos de definición de columnas
Setting_SqlFmt_AlignSetClauseItem	Align SET clause items	Alinear elementos de la cláusula SET
Setting_SqlFmt_ClauseBodyAlignment	Clause body alignment	Alineación del cuerpo de cláusulas
Setting_SqlFmt_AsKeywordOnOwnLine	AS keyword on its own line	Palabra clave AS en su propia línea
Setting_SqlFmt_KeywordCasing	Keyword casing	Mayúsculas de palabras clave
Setting_SqlFmt_BuiltInFunctionCasing	Built-in function casing	Mayúsculas de funciones integradas
Setting_SqlFmt_IdentifierCasing	Identifier casing	Mayúsculas de identificadores
Setting_SqlFmt_IdentifierBracketing	Identifier brackets	Corchetes en identificadores
Setting_SqlFmt_ColumnAliasStyle	Column alias style	Estilo de alias de columna
Setting_SqlFmt_CommaPlacement	Comma placement	Posición de las comas
Setting_SqlFmt_LeadingCommaSpaceCount	Spaces after leading comma	Espacios después de la coma inicial
Setting_SqlFmt_IncludeSemicolons	Include semicolons	Incluir punto y coma
Setting_SqlFmt_TerminateBlockStatements	Terminate block statements	Terminar sentencias de bloque
Setting_SqlFmt_PreserveComments	Preserve comments	Conservar comentarios
Setting_SqlFmt_PersistTrailingGo	Keep trailing GO	Conservar el GO final
Setting_SqlFmt_IndentationSize	Indentation size	Tamaño de la sangría
Setting_SqlFmt_IndentationMode	Indentation mode	Modo de sangría
Setting_SqlFmt_IndentSetClause	Indent SET clause	Sangría en la cláusula SET
Setting_SqlFmt_IndentViewBody	Indent VIEW body	Sangría en el cuerpo de VIEW
Setting_SqlFmt_MultilineSelectElementsList	SELECT columns on separate lines	Columnas de SELECT en líneas separadas
Setting_SqlFmt_MultilineWherePredicatesList	WHERE predicates on separate lines	Predicados de WHERE en líneas separadas
Setting_SqlFmt_MultilineGroupByElementsList	GROUP BY elements on separate lines	Elementos de GROUP BY en líneas separadas
Setting_SqlFmt_MultilineHavingPredicatesList	HAVING predicates on separate lines	Predicados de HAVING en líneas separadas
Setting_SqlFmt_MultilineOrderByElementsList	ORDER BY elements on separate lines	Elementos de ORDER BY en líneas separadas
Setting_SqlFmt_MultilinePartitionByElementsList	PARTITION BY elements on separate lines	Elementos de PARTITION BY en líneas separadas
Setting_SqlFmt_MultilineInValuesList	IN values on separate lines	Valores de IN en líneas separadas
Setting_SqlFmt_MultilineViewColumnsList	VIEW columns on separate lines	Columnas de VIEW en líneas separadas
Setting_SqlFmt_MultilineSetClauseItems	SET items on separate lines	Elementos de SET en líneas separadas
Setting_SqlFmt_MultilineInsertTargetsList	INSERT columns on separate lines	Columnas de INSERT en líneas separadas
Setting_SqlFmt_MultilineInsertSourcesList	INSERT sources on separate lines	Orígenes de INSERT en líneas separadas
Setting_SqlFmt_MultilineProcedureParametersList	Procedure parameters on separate lines	Parámetros de procedimientos en líneas separadas
Setting_SqlFmt_MultilineNestedFunctionCalls	Nested function call parameters on separate lines	Parámetros de llamadas anidadas en líneas separadas
Setting_SqlFmt_MultilineWithOptionsList	WITH / OPTION options on separate lines	Opciones de WITH / OPTION en líneas separadas
Setting_SqlFmt_NewLineBeforeFromClause	New line before FROM	Nueva línea antes de FROM
Setting_SqlFmt_NewLineBeforeWhereClause	New line before WHERE	Nueva línea antes de WHERE
Setting_SqlFmt_NewLineBeforeGroupByClause	New line before GROUP BY	Nueva línea antes de GROUP BY
Setting_SqlFmt_NewLineBeforeOrderByClause	New line before ORDER BY	Nueva línea antes de ORDER BY
Setting_SqlFmt_NewLineBeforeHavingClause	New line before HAVING	Nueva línea antes de HAVING
Setting_SqlFmt_NewLineBeforeWindowClause	New line before WINDOW	Nueva línea antes de WINDOW
Setting_SqlFmt_NewLineBeforeJoinClause	New line before JOIN	Nueva línea antes de JOIN
Setting_SqlFmt_NewLineAfterJoinKeyword	New line after JOIN	Nueva línea después de JOIN
Setting_SqlFmt_NewLineBeforeOnClause	New line before ON	Nueva línea antes de ON
Setting_SqlFmt_NewLineBeforeOffsetClause	New line before OFFSET	Nueva línea antes de OFFSET
Setting_SqlFmt_NewLineBeforeOutputClause	New line before OUTPUT	Nueva línea antes de OUTPUT
Setting_SqlFmt_NewLineBeforeOpenParenthesisInMultilineList	New line before '(' in multi-line lists	Nueva línea antes de '(' en listas multilínea
Setting_SqlFmt_NewLineBeforeCloseParenthesisInMultilineList	New line before ')' in multi-line lists	Nueva línea antes de ')' en listas multilínea
Setting_SqlFmt_NewLineFormattedIndexDefinition	Index definitions on multiple lines	Definiciones de índices en varias líneas
Setting_SqlFmt_NewlineFormattedCheckConstraint	CHECK constraints on multiple lines	Restricciones CHECK en varias líneas
Setting_SqlFmt_NumNewlinesAfterStatement	New lines after each statement	Saltos de línea después de cada sentencia
Setting_SqlFmt_NumNewlinesAfterBatchStatement	New lines after a batch statement	Saltos de línea después de una sentencia de lote
Setting_SqlFmt_NumNewlinesAfterBatches	New lines after each batch (GO)	Saltos de línea después de cada lote (GO)
Setting_SqlFmt_SpaceBetweenDataTypeAndParameters	Space between data type and parameters	Espacio entre el tipo de dato y sus parámetros
Setting_SqlFmt_SpaceBetweenParametersInDataType	Space between parameters in data types	Espacio entre parámetros de tipos de datos
